{
  "project_info": {
    "project_number": "346617096055",
    "project_id": "laba-amst-firebase",
    "storage_bucket": "laba-amst-firebase.appspot.com"
  },
  "client": [
    {
      "client_info": {
        "mobilesdk_app_id": "1:346617096055:android:5279971b9bfebe52592372",
        "android_client_info": {
          "package_name": "com.example.appamst_laba_firebase"
        }
      },
      "oauth_client": [
        {
          "client_id": "346617096055-sn1vi9idbfgqrv0jnmm2ampchq1ak0g3.apps.googleusercontent.com",
          "client_type": 1,
          "android_info": {
            "package_name": "com.example.appamst_laba_firebase",
            "certificate_hash": "431a9559e9d3ffe99b25ee66e420dcbb22804b60"
          }
        },
        {
          "client_id": "346617096055-go78dn2rfmdlvuvpn4627je3phie7lp0.apps.googleusercontent.com",
          "client_type": 3
        }
      ],
      "api_key": [
        {
          "current_key": "AIzaSyAO7nuqDsnk1BceEjW0BsuZ8te2YVCabKc"
        }
      ],
      "services": {
        "appinvite_service": {
          "other_platform_oauth_client": [
            {
              "client_id": "346617096055-go78dn2rfmdlvuvpn4627je3phie7lp0.apps.googleusercontent.com",
              "client_type": 3
            }
          ]
        }
      }
    }
  ],
  "configuration_version": "1"
}